Longitude,Latitude,Accuracy,Altitude,Time,Easting,Northing
023.7801051,37.9754328,11.5000000,0232.8,2023-02-15T11:34:57.758000,480537.71,4202824.12
023.7801163,37.9754214,11.5000000,0232.8,2023-02-15T11:34:58.307000,480538.69,4202822.85
023.7800664,37.9754172,11.1660000,0244.0,2023-02-15T11:34:59.307000,480534.31,4202822.40
023.7800133,37.9754709,10.6250000,0248.0,2023-02-15T11:35:00.308000,480529.66,4202828.37
023.7799928,37.9754788,10.2000000,0239.0,2023-02-15T11:35:01.314000,480527.86,4202829.25
023.7799834,37.9754744,10.0000000,0246.0,2023-02-15T11:35:02.310000,480527.03,4202828.76
023.7799866,37.9754631,08.4000000,0244.0,2023-02-15T11:35:03.311000,480527.31,4202827.51
023.7799910,37.9754678,07.1000000,0240.0,2023-02-15T11:35:04.311000,480527.70,4202828.03
023.7799936,37.9754765,06.4160000,0242.0,2023-02-15T11:35:05.304000,480527.93,4202828.99
023.7799965,37.9754830,05.3330000,0241.0,2023-02-15T11:35:06.309000,480528.18,4202829.71
023.7799982,37.9754866,03.4000000,0241.0,2023-02-15T11:35:07.314000,480528.33,4202830.11
023.7799991,37.9754887,02.8000000,0241.0,2023-02-15T11:35:08.314000,480528.41,4202830.35
023.7799966,37.9754880,02.4000000,0241.0,2023-02-15T11:35:09.314000,480528.19,4202830.27
023.7799902,37.9754861,02.2000000,0240.0,2023-02-15T11:35:10.307000,480527.63,4202830.06
023.7799805,37.9754841,02.1000000,0239.0,2023-02-15T11:35:11.312000,480526.78,4202829.84
023.7799684,37.9754829,02.4000000,0238.0,2023-02-15T11:35:12.309000,480525.72,4202829.71
023.7799567,37.9754807,02.3160000,0237.0,2023-02-15T11:35:13.309000,480524.69,4202829.47
023.7799440,37.9754790,02.3160000,0237.0,2023-02-15T11:35:14.305000,480523.57,4202829.28
023.7799301,37.9754780,02.3800000,0237.0,2023-02-15T11:35:15.315000,480522.35,4202829.17
023.7799170,37.9754766,02.3800000,0236.0,2023-02-15T11:35:16.319000,480521.20,4202829.02
023.7799023,37.9754742,02.3800000,0235.0,2023-02-15T11:35:17.315000,480519.91,4202828.76
023.7798875,37.9754715,02.3800000,0234.0,2023-02-15T11:35:18.310000,480518.61,4202828.46
023.7798721,37.9754723,02.3800000,0234.0,2023-02-15T11:35:19.313000,480517.26,4202828.55
023.7798591,37.9754768,02.3160000,0234.0,2023-02-15T11:35:20.309000,480516.12,4202829.05
023.7798464,37.9754836,02.3160000,0233.0,2023-02-15T11:35:21.314000,480515.00,4202829.81
023.7798340,37.9754892,02.6330000,0233.0,2023-02-15T11:35:22.311000,480513.91,4202830.44
023.7798209,37.9754918,02.3800000,0233.0,2023-02-15T11:35:23.310000,480512.76,4202830.73
023.7798104,37.9754921,02.3160000,0233.0,2023-02-15T11:35:24.311000,480511.84,4202830.76
023.7797992,37.9754936,02.3800000,0233.0,2023-02-15T11:35:25.311000,480510.86,4202830.93
023.7797883,37.9754956,02.3160000,0233.0,2023-02-15T11:35:26.314000,480509.90,4202831.16
023.7797782,37.9754967,02.3800000,0233.0,2023-02-15T11:35:27.315000,480509.02,4202831.28
023.7797684,37.9754992,02.3800000,0234.0,2023-02-15T11:35:28.312000,480508.16,4202831.56
023.7797625,37.9755011,02.3160000,0233.0,2023-02-15T11:35:29.309000,480507.64,4202831.77
023.7797581,37.9755002,02.4800000,0233.0,2023-02-15T11:35:30.315000,480507.25,4202831.67
023.7797585,37.9754960,02.4830000,0233.0,2023-02-15T11:35:31.313000,480507.29,4202831.21
023.7797585,37.9754936,02.5800000,0234.0,2023-02-15T11:35:32.318000,480507.28,4202830.94
023.7797586,37.9754923,02.5800000,0234.0,2023-02-15T11:35:33.316000,480507.29,4202830.80
023.7797588,37.9754915,02.5800000,0234.0,2023-02-15T11:35:34.318000,480507.31,4202830.71
023.7797590,37.9754909,02.4800000,0234.0,2023-02-15T11:35:35.315000,480507.33,4202830.64
023.7797592,37.9754904,02.4800000,0234.0,2023-02-15T11:35:36.318000,480507.35,4202830.58
023.7797594,37.9754901,02.7160000,0234.0,2023-02-15T11:35:37.315000,480507.36,4202830.55
023.7797596,37.9754900,02.5800000,0234.0,2023-02-15T11:35:38.317000,480507.38,4202830.54
023.7797543,37.9754944,02.6800000,0234.0,2023-02-15T11:35:39.319000,480506.92,4202831.03
023.7797479,37.9754977,02.7800000,0234.0,2023-02-15T11:35:40.319000,480506.35,4202831.40
023.7797396,37.9755026,02.7800000,0234.0,2023-02-15T11:35:41.318000,480505.63,4202831.94
023.7797316,37.9755056,02.7800000,0234.0,2023-02-15T11:35:42.316000,480504.92,4202832.28
023.7797225,37.9755066,02.7330000,0234.0,2023-02-15T11:35:43.317000,480504.13,4202832.39
023.7797144,37.9755065,02.7330000,0233.0,2023-02-15T11:35:44.312000,480503.41,4202832.38
023.7797047,37.9755062,02.7330000,0233.0,2023-02-15T11:35:45.315000,480502.56,4202832.35
023.7796939,37.9755047,02.7330000,0233.0,2023-02-15T11:35:46.317000,480501.61,4202832.18
023.7796841,37.9755036,02.7330000,0233.0,2023-02-15T11:35:47.313000,480500.75,4202832.06
023.7796753,37.9755053,02.5000000,0232.0,2023-02-15T11:35:48.312000,480499.98,4202832.26
023.7796666,37.9755079,02.5000000,0231.0,2023-02-15T11:35:49.319000,480499.22,4202832.55
023.7796574,37.9755097,02.5830000,0230.0,2023-02-15T11:35:50.309000,480498.41,4202832.75
023.7796470,37.9755137,02.6660000,0231.0,2023-02-15T11:35:51.310000,480497.50,4202833.19
023.7796374,37.9755201,02.9800000,0230.0,2023-02-15T11:35:52.313000,480496.66,4202833.91
023.7796271,37.9755268,02.9800000,0230.0,2023-02-15T11:35:53.315000,480495.75,4202834.65
023.7796174,37.9755349,02.9000000,0230.0,2023-02-15T11:35:54.314000,480494.90,4202835.55
023.7796108,37.9755423,02.8800000,0230.0,2023-02-15T11:35:55.313000,480494.33,4202836.37
023.7796067,37.9755468,02.7800000,0230.0,2023-02-15T11:35:56.315000,480493.97,4202836.87
023.7796041,37.9755494,02.7800000,0229.0,2023-02-15T11:35:57.315000,480493.74,4202837.16
023.7796000,37.9755523,02.7330000,0229.0,2023-02-15T11:35:58.315000,480493.38,4202837.49
023.7795958,37.9755553,02.7800000,0228.0,2023-02-15T11:35:59.317000,480493.01,4202837.82
023.7795888,37.9755599,02.6800000,0228.0,2023-02-15T11:36:00.315000,480492.40,4202838.33
023.7795795,37.9755639,02.5660000,0228.0,2023-02-15T11:36:01.313000,480491.58,4202838.78
023.7795697,37.9755669,02.5800000,0228.0,2023-02-15T11:36:02.318000,480490.72,4202839.11
023.7795586,37.9755705,02.4800000,0227.0,2023-02-15T11:36:03.317000,480489.75,4202839.51
023.7795484,37.9755727,02.3160000,0226.0,2023-02-15T11:36:04.311000,480488.85,4202839.76
023.7795409,37.9755770,02.1500000,0226.0,2023-02-15T11:36:05.312000,480488.20,4202840.24
023.7795283,37.9755833,02.0800000,0225.0,2023-02-15T11:36:06.315000,480487.09,4202840.94
023.7795148,37.9755900,01.9830000,0225.0,2023-02-15T11:36:07.317000,480485.91,4202841.69
023.7795014,37.9755961,01.5830000,0225.0,2023-02-15T11:36:08.314000,480484.73,4202842.37
023.7794918,37.9756019,01.5000000,0225.0,2023-02-15T11:36:09.314000,480483.89,4202843.01
023.7794837,37.9756074,01.5000000,0225.0,2023-02-15T11:36:10.319000,480483.18,4202843.62
023.7794737,37.9756127,01.5000000,0224.0,2023-02-15T11:36:11.317000,480482.30,4202844.21
023.7794630,37.9756168,01.9000000,0224.0,2023-02-15T11:36:12.316000,480481.36,4202844.67
023.7794535,37.9756192,01.9800000,0225.0,2023-02-15T11:36:13.315000,480480.53,4202844.94
023.7794443,37.9756223,01.9000000,0224.0,2023-02-15T11:36:14.313000,480479.72,4202845.28
023.7794340,37.9756263,01.9000000,0224.0,2023-02-15T11:36:15.317000,480478.82,4202845.73
023.7794229,37.9756286,01.9800000,0225.0,2023-02-15T11:36:16.317000,480477.85,4202845.99
023.7794118,37.9756287,02.3000000,0225.0,2023-02-15T11:36:17.312000,480476.87,4202846.00
023.7794015,37.9756291,01.9000000,0225.0,2023-02-15T11:36:18.316000,480475.97,4202846.05
023.7793923,37.9756310,01.9800000,0225.0,2023-02-15T11:36:19.315000,480475.16,4202846.26
023.7793839,37.9756334,01.9000000,0224.0,2023-02-15T11:36:20.317000,480474.42,4202846.53
023.7793771,37.9756357,01.9000000,0224.0,2023-02-15T11:36:21.313000,480473.82,4202846.79
023.7793704,37.9756377,01.9800000,0224.0,2023-02-15T11:36:22.316000,480473.24,4202847.01
023.7793591,37.9756409,01.9000000,0225.0,2023-02-15T11:36:23.311000,480472.24,4202847.37
023.7793487,37.9756438,01.9000000,0225.0,2023-02-15T11:36:24.310000,480471.33,4202847.69
023.7793379,37.9756455,01.9800000,0225.0,2023-02-15T11:36:25.317000,480470.38,4202847.88
023.7793272,37.9756482,01.9000000,0225.0,2023-02-15T11:36:26.310000,480469.45,4202848.18
023.7793157,37.9756518,02.3000000,0226.0,2023-02-15T11:36:27.311000,480468.44,4202848.58
023.7793054,37.9756565,01.9000000,0226.0,2023-02-15T11:36:28.311000,480467.53,4202849.11
023.7792949,37.9756613,01.8800000,0226.0,2023-02-15T11:36:29.321000,480466.61,4202849.64
023.7792857,37.9756663,01.7330000,0226.0,2023-02-15T11:36:30.314000,480465.81,4202850.20
023.7792779,37.9756716,01.7330000,0226.0,2023-02-15T11:36:31.310000,480465.12,4202850.79
023.7792710,37.9756796,01.7800000,0226.0,2023-02-15T11:36:32.312000,480464.52,4202851.68
023.7792662,37.9756873,01.6800000,0226.0,2023-02-15T11:36:33.313000,480464.10,4202852.53
023.7792569,37.9756935,01.5660000,0227.0,2023-02-15T11:36:34.314000,480463.28,4202853.22
023.7792454,37.9756985,01.6800000,0227.0,2023-02-15T11:36:35.317000,480462.27,4202853.78
023.7792339,37.9757030,01.5800000,0227.0,2023-02-15T11:36:36.314000,480461.27,4202854.28
023.7792225,37.9757072,01.5800000,0227.0,2023-02-15T11:36:37.314000,480460.27,4202854.75
023.7792115,37.9757117,01.5800000,0227.0,2023-02-15T11:36:38.316000,480459.30,4202855.25
023.7791989,37.9757158,01.5660000,0227.0,2023-02-15T11:36:39.315000,480458.19,4202855.71
023.7791862,37.9757208,01.5660000,0227.0,2023-02-15T11:36:40.312000,480457.08,4202856.27
023.7791740,37.9757256,01.6500000,0227.0,2023-02-15T11:36:41.312000,480456.01,4202856.80
023.7791618,37.9757292,02.1330000,0227.0,2023-02-15T11:36:42.311000,480454.94,4202857.20
023.7791492,37.9757319,01.6500000,0227.0,2023-02-15T11:36:43.309000,480453.83,4202857.51
023.7791378,37.9757381,01.7800000,0227.0,2023-02-15T11:36:44.316000,480452.83,4202858.20
023.7791309,37.9757459,01.8800000,0227.0,2023-02-15T11:36:45.314000,480452.23,4202859.06
023.7791238,37.9757537,01.8800000,0227.0,2023-02-15T11:36:46.315000,480451.61,4202859.93
023.7791163,37.9757603,01.8800000,0227.0,2023-02-15T11:36:47.318000,480450.95,4202860.66
023.7791094,37.9757675,01.8800000,0228.0,2023-02-15T11:36:48.315000,480450.35,4202861.46
023.7791033,37.9757745,01.7330000,0228.0,2023-02-15T11:36:49.316000,480449.81,4202862.24
023.7790965,37.9757817,01.6800000,0228.0,2023-02-15T11:36:50.316000,480449.22,4202863.04
023.7790881,37.9757891,01.6800000,0228.0,2023-02-15T11:36:51.319000,480448.48,4202863.87
023.7790811,37.9757956,02.0500000,0229.0,2023-02-15T11:36:52.310000,480447.87,4202864.59
023.7790745,37.9758021,01.6500000,0228.0,2023-02-15T11:36:53.313000,480447.29,4202865.31
023.7790656,37.9758091,01.7330000,0228.0,2023-02-15T11:36:54.314000,480446.51,4202866.09
023.7790616,37.9758190,01.8160000,0228.0,2023-02-15T11:36:55.309000,480446.16,4202867.19
023.7790637,37.9758276,01.8160000,0228.0,2023-02-15T11:36:56.309000,480446.35,4202868.14
023.7790694,37.9758344,01.4000000,0228.0,2023-02-15T11:36:57.317000,480446.85,4202868.90
023.7790715,37.9758402,01.4000000,0228.0,2023-02-15T11:36:58.316000,480447.04,4202869.54
023.7790726,37.9758473,01.4000000,0227.0,2023-02-15T11:36:59.315000,480447.14,4202870.33
023.7790736,37.9758560,01.4000000,0227.0,2023-02-15T11:37:00.317000,480447.23,4202871.29
023.7790758,37.9758660,01.5000000,0226.0,2023-02-15T11:37:01.315000,480447.42,4202872.40
023.7790777,37.9758759,01.5000000,0226.0,2023-02-15T11:37:02.308000,480447.59,4202873.50
023.7790786,37.9758854,01.5000000,0226.0,2023-02-15T11:37:03.314000,480447.67,4202874.55
023.7790816,37.9758937,01.5000000,0226.0,2023-02-15T11:37:04.317000,480447.94,4202875.47
023.7790859,37.9759002,01.5000000,0226.0,2023-02-15T11:37:05.318000,480448.32,4202876.19
023.7790915,37.9759067,01.5000000,0225.0,2023-02-15T11:37:06.309000,480448.81,4202876.91
023.7790974,37.9759136,01.9800000,0225.0,2023-02-15T11:37:07.315000,480449.33,4202877.68
023.7791032,37.9759197,01.9000000,0225.0,2023-02-15T11:37:08.312000,480449.84,4202878.35
023.7791098,37.9759261,01.9800000,0225.0,2023-02-15T11:37:09.318000,480450.42,4202879.06
023.7791153,37.9759343,01.9800000,0225.0,2023-02-15T11:37:10.319000,480450.91,4202879.97
023.7791209,37.9759423,01.9800000,0224.0,2023-02-15T11:37:11.315000,480451.40,4202880.86
023.7791279,37.9759506,01.9800000,0225.0,2023-02-15T11:37:12.322000,480452.02,4202881.78
023.7791342,37.9759582,01.9800000,0224.0,2023-02-15T11:37:13.321000,480452.58,4202882.62
023.7791376,37.9759653,01.9000000,0225.0,2023-02-15T11:37:14.317000,480452.88,4202883.41
023.7791394,37.9759693,01.9000000,0225.0,2023-02-15T11:37:15.316000,480453.04,4202883.85
023.7791385,37.9759707,01.9000000,0225.0,2023-02-15T11:37:16.310000,480452.96,4202884.00
023.7791360,37.9759725,02.3000000,0225.0,2023-02-15T11:37:17.312000,480452.74,4202884.20
023.7791288,37.9759760,01.9000000,0226.0,2023-02-15T11:37:18.317000,480452.11,4202884.59
023.7791153,37.9759791,01.9000000,0226.0,2023-02-15T11:37:19.312000,480450.92,4202884.94
023.7791014,37.9759814,01.9000000,0226.0,2023-02-15T11:37:20.313000,480449.70,4202885.20
023.7790884,37.9759823,01.9800000,0226.0,2023-02-15T11:37:21.315000,480448.56,4202885.30
023.7790750,37.9759850,02.3000000,0225.0,2023-02-15T11:37:22.309000,480447.38,4202885.60
023.7790612,37.9759875,01.9000000,0225.0,2023-02-15T11:37:23.317000,480446.17,4202885.88
023.7790479,37.9759895,02.0800000,0225.0,2023-02-15T11:37:24.318000,480445.00,4202886.11
023.7790347,37.9759906,02.0800000,0225.0,2023-02-15T11:37:25.317000,480443.85,4202886.23
023.7790210,37.9759917,02.0800000,0225.0,2023-02-15T11:37:26.318000,480442.64,4202886.36
023.7790058,37.9759926,02.0800000,0225.0,2023-02-15T11:37:27.316000,480441.31,4202886.46
023.7789901,37.9759935,02.0800000,0225.0,2023-02-15T11:37:28.317000,480439.93,4202886.56
023.7789764,37.9759936,01.9830000,0225.0,2023-02-15T11:37:29.316000,480438.73,4202886.58
023.7789636,37.9759935,02.0800000,0224.0,2023-02-15T11:37:30.320000,480437.60,4202886.57
023.7789520,37.9759935,01.9830000,0225.0,2023-02-15T11:37:31.315000,480436.58,4202886.57
023.7789392,37.9759927,02.3830000,0225.0,2023-02-15T11:37:32.316000,480435.46,4202886.49
023.7789270,37.9759925,01.9830000,0224.0,2023-02-15T11:37:33.310000,480434.39,4202886.47
023.7789162,37.9759938,01.9830000,0224.0,2023-02-15T11:37:34.315000,480433.44,4202886.61
023.7789063,37.9759956,01.9830000,0224.0,2023-02-15T11:37:35.312000,480432.57,4202886.82
023.7788967,37.9759967,01.9800000,0224.0,2023-02-15T11:37:36.319000,480431.73,4202886.94
023.7788850,37.9759975,01.9000000,0224.0,2023-02-15T11:37:37.311000,480430.70,4202887.03
023.7788720,37.9759997,01.5000000,0224.0,2023-02-15T11:37:38.314000,480429.56,4202887.28
023.7788611,37.9760007,01.5000000,0224.0,2023-02-15T11:37:39.314000,480428.60,4202887.39
023.7788517,37.9760006,01.5000000,0224.0,2023-02-15T11:37:40.319000,480427.78,4202887.38
023.7788412,37.9759988,01.5000000,0224.0,2023-02-15T11:37:41.317000,480426.85,4202887.18
023.7788278,37.9759972,01.9800000,0223.0,2023-02-15T11:37:42.315000,480425.68,4202887.01
023.7788150,37.9759963,01.9800000,0223.0,2023-02-15T11:37:43.318000,480424.55,4202886.91
023.7788033,37.9759952,01.9800000,0224.0,2023-02-15T11:37:44.317000,480423.52,4202886.79
023.7787932,37.9759940,01.9000000,0224.0,2023-02-15T11:37:45.317000,480422.64,4202886.66
023.7787821,37.9759952,01.9000000,0223.0,2023-02-15T11:37:46.315000,480421.66,4202886.80
023.7787731,37.9759957,01.9800000,0223.0,2023-02-15T11:37:47.316000,480420.87,4202886.85
023.7787645,37.9759952,01.9800000,0223.0,2023-02-15T11:37:48.320000,480420.12,4202886.80
023.7787554,37.9759956,01.9000000,0223.0,2023-02-15T11:37:49.314000,480419.32,4202886.85
023.7787451,37.9759954,01.9000000,0224.0,2023-02-15T11:37:50.315000,480418.41,4202886.83
023.7787328,37.9759949,01.9800000,0223.0,2023-02-15T11:37:51.314000,480417.33,4202886.77
023.7787216,37.9759937,01.9800000,0223.0,2023-02-15T11:37:52.316000,480416.35,4202886.64
023.7787101,37.9759912,01.9000000,0224.0,2023-02-15T11:37:53.309000,480415.34,4202886.37
023.7786967,37.9759895,01.9800000,0224.0,2023-02-15T11:37:54.317000,480414.16,4202886.18
023.7786854,37.9759904,01.9000000,0225.0,2023-02-15T11:37:55.315000,480413.17,4202886.28
023.7786752,37.9759900,01.9000000,0225.0,2023-02-15T11:37:56.312000,480412.27,4202886.24
023.7786641,37.9759860,01.9800000,0225.0,2023-02-15T11:37:57.321000,480411.30,4202885.80
023.7786521,37.9759791,01.9800000,0225.0,2023-02-15T11:37:58.315000,480410.24,4202885.04
023.7786422,37.9759723,01.9000000,0225.0,2023-02-15T11:37:59.317000,480409.37,4202884.29
023.7786334,37.9759656,01.9000000,0225.0,2023-02-15T11:38:00.312000,480408.59,4202883.54
023.7786228,37.9759588,01.9800000,0225.0,2023-02-15T11:38:01.313000,480407.66,4202882.79
023.7786100,37.9759541,02.3000000,0225.0,2023-02-15T11:38:02.315000,480406.54,4202882.27
023.7786004,37.9759518,01.9800000,0225.0,2023-02-15T11:38:03.317000,480405.69,4202882.02
023.7785920,37.9759486,01.9800000,0226.0,2023-02-15T11:38:04.317000,480404.95,4202881.67
023.7785840,37.9759439,01.9800000,0225.0,2023-02-15T11:38:05.314000,480404.25,4202881.15
023.7785788,37.9759347,01.9000000,0225.0,2023-02-15T11:38:06.313000,480403.79,4202880.13
023.7785795,37.9759248,02.3000000,0225.0,2023-02-15T11:38:07.313000,480403.85,4202879.03
023.7785843,37.9759146,01.9000000,0226.0,2023-02-15T11:38:08.315000,480404.27,4202877.90
023.7785918,37.9759058,01.9800000,0225.0,2023-02-15T11:38:09.318000,480404.93,4202876.92
023.7785994,37.9758971,01.9800000,0226.0,2023-02-15T11:38:10.318000,480405.59,4202875.95
023.7786069,37.9758885,01.9800000,0226.0,2023-02-15T11:38:11.317000,480406.25,4202874.99
023.7786131,37.9758806,01.9800000,0226.0,2023-02-15T11:38:12.316000,480406.79,4202874.12
023.7786177,37.9758713,01.9800000,0226.0,2023-02-15T11:38:13.316000,480407.19,4202873.08
023.7786235,37.9758620,01.9000000,0226.0,2023-02-15T11:38:14.316000,480407.70,4202872.05
023.7786293,37.9758524,01.9800000,0226.0,2023-02-15T11:38:15.317000,480408.20,4202870.98
023.7786342,37.9758410,01.9800000,0226.0,2023-02-15T11:38:16.318000,480408.63,4202869.72
023.7786382,37.9758281,01.9800000,0226.0,2023-02-15T11:38:17.319000,480408.98,4202868.29
023.7786432,37.9758172,01.9800000,0226.0,2023-02-15T11:38:18.316000,480409.42,4202867.08
023.7786469,37.9758070,01.9000000,0227.0,2023-02-15T11:38:19.314000,480409.74,4202865.94
023.7786492,37.9757982,01.9000000,0227.0,2023-02-15T11:38:20.312000,480409.94,4202864.97
023.7786499,37.9757888,01.9800000,0227.0,2023-02-15T11:38:21.320000,480410.00,4202863.92
023.7786479,37.9757797,01.9800000,0227.0,2023-02-15T11:38:22.320000,480409.82,4202862.91
023.7786482,37.9757696,01.9000000,0227.0,2023-02-15T11:38:23.313000,480409.84,4202861.79
023.7786474,37.9757598,01.9000000,0227.0,2023-02-15T11:38:24.311000,480409.77,4202860.71
023.7786480,37.9757502,01.9800000,0227.0,2023-02-15T11:38:25.315000,480409.82,4202859.64
023.7786483,37.9757401,01.9800000,0226.0,2023-02-15T11:38:26.321000,480409.84,4202858.52
023.7786485,37.9757308,02.3000000,0226.0,2023-02-15T11:38:27.313000,480409.86,4202857.49
023.7786499,37.9757215,01.8800000,0227.0,2023-02-15T11:38:28.317000,480409.98,4202856.46
023.7786526,37.9757127,01.8800000,0227.0,2023-02-15T11:38:29.319000,480410.21,4202855.48
023.7786549,37.9757061,01.8160000,0227.0,2023-02-15T11:38:30.313000,480410.41,4202854.75
023.7786585,37.9757003,01.8160000,0227.0,2023-02-15T11:38:31.317000,480410.73,4202854.10
023.7786605,37.9756921,01.8800000,0226.0,2023-02-15T11:38:32.318000,480410.90,4202853.19
023.7786619,37.9756835,01.8160000,0226.0,2023-02-15T11:38:33.317000,480411.02,4202852.24
023.7786638,37.9756767,01.9000000,0226.0,2023-02-15T11:38:34.313000,480411.19,4202851.48
023.7786685,37.9756696,01.9000000,0226.0,2023-02-15T11:38:35.312000,480411.60,4202850.69
023.7786766,37.9756609,01.9000000,0227.0,2023-02-15T11:38:36.314000,480412.31,4202849.73
023.7786853,37.9756513,02.3000000,0226.0,2023-02-15T11:38:37.313000,480413.07,4202848.66
023.7786916,37.9756425,01.9800000,0226.0,2023-02-15T11:38:38.321000,480413.62,4202847.68
023.7786969,37.9756338,01.9800000,0226.0,2023-02-15T11:38:39.319000,480414.08,4202846.72
023.7787031,37.9756256,01.9800000,0226.0,2023-02-15T11:38:40.320000,480414.63,4202845.81
023.7787123,37.9756171,01.9800000,0226.0,2023-02-15T11:38:41.316000,480415.43,4202844.86
023.7787223,37.9756101,01.9800000,0226.0,2023-02-15T11:38:42.320000,480416.31,4202844.08
023.7787292,37.9756041,01.9000000,0227.0,2023-02-15T11:38:43.315000,480416.91,4202843.41
023.7787348,37.9755982,01.9000000,0227.0,2023-02-15T11:38:44.315000,480417.40,4202842.76
023.7787400,37.9755912,01.9000000,0227.0,2023-02-15T11:38:45.311000,480417.86,4202841.98
023.7787417,37.9755854,01.9000000,0227.0,2023-02-15T11:38:46.311000,480418.01,4202841.34
023.7787463,37.9755784,02.3000000,0227.0,2023-02-15T11:38:47.317000,480418.41,4202840.56
023.7787513,37.9755728,01.9800000,0227.0,2023-02-15T11:38:48.317000,480418.85,4202839.94
023.7787599,37.9755656,01.9800000,0228.0,2023-02-15T11:38:49.319000,480419.60,4202839.14
023.7787704,37.9755577,01.9800000,0228.0,2023-02-15T11:38:50.318000,480420.52,4202838.26
023.7787791,37.9755494,01.9800000,0228.0,2023-02-15T11:38:51.316000,480421.28,4202837.33
023.7787883,37.9755419,01.9800000,0228.0,2023-02-15T11:38:52.320000,480422.09,4202836.50
023.7787990,37.9755326,01.9800000,0229.0,2023-02-15T11:38:53.321000,480423.02,4202835.47
023.7788090,37.9755250,01.9000000,0229.0,2023-02-15T11:38:54.313000,480423.90,4202834.62
023.7788193,37.9755181,01.9000000,0229.0,2023-02-15T11:38:55.317000,480424.80,4202833.85
023.7788288,37.9755104,01.9000000,0229.0,2023-02-15T11:38:56.313000,480425.64,4202833.00
023.7788350,37.9755041,02.3000000,0229.0,2023-02-15T11:38:57.314000,480426.18,4202832.30
023.7788407,37.9754972,01.9000000,0229.0,2023-02-15T11:38:58.309000,480426.68,4202831.53
023.7788467,37.9754897,01.9800000,0228.0,2023-02-15T11:38:59.314000,480427.20,4202830.70
023.7788510,37.9754848,01.9800000,0229.0,2023-02-15T11:39:00.322000,480427.58,4202830.15
023.7788573,37.9754797,01.9800000,0228.0,2023-02-15T11:39:01.316000,480428.13,4202829.59
023.7788632,37.9754751,01.9800000,0229.0,2023-02-15T11:39:02.316000,480428.65,4202829.07
023.7788699,37.9754694,01.9800000,0229.0,2023-02-15T11:39:03.321000,480429.23,4202828.44
023.7788791,37.9754612,01.9800000,0229.0,2023-02-15T11:39:04.319000,480430.04,4202827.53
023.7788884,37.9754533,01.9000000,0229.0,2023-02-15T11:39:05.319000,480430.86,4202826.65
023.7788984,37.9754467,01.9800000,0229.0,2023-02-15T11:39:06.317000,480431.73,4202825.92
023.7789080,37.9754399,02.3000000,0229.0,2023-02-15T11:39:07.312000,480432.57,4202825.16
023.7789184,37.9754307,01.9000000,0229.0,2023-02-15T11:39:08.317000,480433.48,4202824.14
023.7789277,37.9754204,01.9800000,0229.0,2023-02-15T11:39:09.322000,480434.30,4202822.99
023.7789355,37.9754110,01.9000000,0229.0,2023-02-15T11:39:10.314000,480434.98,4202821.95
023.7789435,37.9754027,01.9800000,0229.0,2023-02-15T11:39:11.318000,480435.68,4202821.02
023.7789525,37.9753949,01.9800000,0230.0,2023-02-15T11:39:12.321000,480436.47,4202820.16
023.7789607,37.9753888,01.9800000,0230.0,2023-02-15T11:39:13.318000,480437.19,4202819.48
023.7789659,37.9753855,01.9000000,0230.0,2023-02-15T11:39:14.305000,480437.64,4202819.11
023.7789693,37.9753814,01.9800000,0230.0,2023-02-15T11:39:15.314000,480437.94,4202818.66
023.7789728,37.9753737,01.9800000,0230.0,2023-02-15T11:39:16.319000,480438.25,4202817.80
023.7789780,37.9753653,01.9000000,0231.0,2023-02-15T11:39:17.318000,480438.70,4202816.87
023.7789858,37.9753574,01.5000000,0230.0,2023-02-15T11:39:18.318000,480439.38,4202815.99
023.7789942,37.9753521,01.5000000,0231.0,2023-02-15T11:39:19.318000,480440.12,4202815.40
023.7790019,37.9753460,01.5000000,0231.0,2023-02-15T11:39:20.317000,480440.80,4202814.72
023.7790064,37.9753404,01.5000000,0231.0,2023-02-15T11:39:21.316000,480441.19,4202814.10
023.7790109,37.9753362,01.9000000,0231.0,2023-02-15T11:39:22.315000,480441.58,4202813.63
023.7790173,37.9753313,01.9800000,0231.0,2023-02-15T11:39:23.318000,480442.14,4202813.09
023.7790267,37.9753242,01.9800000,0231.0,2023-02-15T11:39:24.318000,480442.97,4202812.30
023.7790360,37.9753176,01.9800000,0230.0,2023-02-15T11:39:25.318000,480443.78,4202811.56
023.7790431,37.9753111,01.9000000,0231.0,2023-02-15T11:39:26.314000,480444.40,4202810.84
023.7790502,37.9753040,02.3000000,0231.0,2023-02-15T11:39:27.312000,480445.03,4202810.05
023.7790596,37.9752956,01.9000000,0231.0,2023-02-15T11:39:28.315000,480445.85,4202809.12
023.7790662,37.9752886,01.9000000,0231.0,2023-02-15T11:39:29.314000,480446.43,4202808.34
023.7790700,37.9752820,01.9000000,0231.0,2023-02-15T11:39:30.315000,480446.76,4202807.61
023.7790752,37.9752754,01.9800000,0231.0,2023-02-15T11:39:31.316000,480447.21,4202806.87
023.7790819,37.9752687,01.9800000,0231.0,2023-02-15T11:39:32.316000,480447.80,4202806.13
023.7790897,37.9752608,01.9000000,0230.0,2023-02-15T11:39:33.314000,480448.48,4202805.25
023.7790989,37.9752549,01.9800000,0231.0,2023-02-15T11:39:34.318000,480449.29,4202804.59
023.7791085,37.9752484,01.9800000,0230.0,2023-02-15T11:39:35.315000,480450.13,4202803.87
023.7791152,37.9752444,01.9000000,0230.0,2023-02-15T11:39:36.315000,480450.72,4202803.42
023.7791201,37.9752395,02.3000000,0230.0,2023-02-15T11:39:37.314000,480451.15,4202802.88
023.7791255,37.9752344,01.9800000,0231.0,2023-02-15T11:39:38.317000,480451.62,4202802.31
023.7791310,37.9752294,01.9000000,0231.0,2023-02-15T11:39:39.316000,480452.10,4202801.76
023.7791381,37.9752219,01.9800000,0231.0,2023-02-15T11:39:40.317000,480452.72,4202800.92
023.7791452,37.9752131,01.9000000,0231.0,2023-02-15T11:39:41.314000,480453.35,4202799.95
023.7791557,37.9752053,02.3000000,0231.0,2023-02-15T11:39:42.313000,480454.27,4202799.08
023.7791675,37.9751958,01.9000000,0231.0,2023-02-15T11:39:43.316000,480455.30,4202798.02
023.7791795,37.9751874,01.9000000,0231.0,2023-02-15T11:39:44.312000,480456.35,4202797.09
023.7791906,37.9751781,01.9000000,0230.0,2023-02-15T11:39:45.311000,480457.32,4202796.05
023.7792012,37.9751683,01.9000000,0231.0,2023-02-15T11:39:46.309000,480458.25,4202794.96
023.7792113,37.9751600,01.9800000,0231.0,2023-02-15T11:39:47.315000,480459.14,4202794.04
023.7792212,37.9751516,01.9800000,0231.0,2023-02-15T11:39:48.317000,480460.00,4202793.11
023.7792301,37.9751445,01.9800000,0231.0,2023-02-15T11:39:49.318000,480460.78,4202792.32
023.7792392,37.9751383,01.9800000,0230.0,2023-02-15T11:39:50.317000,480461.58,4202791.63
023.7792490,37.9751369,01.9000000,0231.0,2023-02-15T11:39:51.309000,480462.44,4202791.47
023.7792645,37.9751425,01.9800000,0231.0,2023-02-15T11:39:52.316000,480463.81,4202792.09
023.7792793,37.9751481,01.9000000,0231.0,2023-02-15T11:39:53.312000,480465.11,4202792.71
023.7792924,37.9751506,01.9800000,0231.0,2023-02-15T11:39:54.333000,480466.26,4202792.98
023.7793021,37.9751520,01.9000000,0232.0,2023-02-15T11:39:55.309000,480467.11,4202793.13
023.7793122,37.9751545,01.9800000,0231.0,2023-02-15T11:39:56.318000,480468.00,4202793.41
023.7793229,37.9751569,01.9000000,0232.0,2023-02-15T11:39:57.314000,480468.94,4202793.67
023.7793336,37.9751594,01.5000000,0231.0,2023-02-15T11:39:58.318000,480469.88,4202793.95
023.7793409,37.9751622,01.5000000,0231.0,2023-02-15T11:39:59.320000,480470.52,4202794.26
023.7793496,37.9751634,01.5000000,0232.0,2023-02-15T11:40:00.317000,480471.29,4202794.39
023.7793622,37.9751601,01.5000000,0231.0,2023-02-15T11:40:01.320000,480472.39,4202794.02
023.7793763,37.9751553,01.5000000,0232.0,2023-02-15T11:40:02.315000,480473.63,4202793.48
023.7793907,37.9751507,01.5000000,0232.0,2023-02-15T11:40:03.318000,480474.89,4202792.97
023.7794050,37.9751476,01.5000000,0232.0,2023-02-15T11:40:04.324000,480476.15,4202792.62
023.7794182,37.9751458,01.5000000,0232.0,2023-02-15T11:40:05.320000,480477.31,4202792.42
023.7794300,37.9751429,01.5000000,0232.0,2023-02-15T11:40:06.316000,480478.34,4202792.10
023.7794393,37.9751378,01.9800000,0232.0,2023-02-15T11:40:07.316000,480479.16,4202791.53
023.7794492,37.9751333,01.9000000,0232.0,2023-02-15T11:40:08.319000,480480.02,4202791.03
023.7794601,37.9751281,01.9000000,0232.0,2023-02-15T11:40:09.313000,480480.98,4202790.45
023.7794696,37.9751229,01.9000000,0232.0,2023-02-15T11:40:10.317000,480481.81,4202789.87
023.7794788,37.9751179,01.8800000,0232.0,2023-02-15T11:40:11.319000,480482.62,4202789.31
023.7794892,37.9751133,02.2160000,0231.0,2023-02-15T11:40:12.315000,480483.53,4202788.80
023.7795008,37.9751078,01.8800000,0232.0,2023-02-15T11:40:13.323000,480484.55,4202788.19
023.7795107,37.9751056,01.8800000,0232.0,2023-02-15T11:40:14.322000,480485.42,4202787.94
023.7795195,37.9751057,01.8160000,0232.0,2023-02-15T11:40:15.314000,480486.19,4202787.95
023.7795279,37.9751074,01.8160000,0232.0,2023-02-15T11:40:16.311000,480486.93,4202788.14
023.7795363,37.9751116,02.3000000,0232.0,2023-02-15T11:40:17.314000,480487.67,4202788.60
023.7795450,37.9751184,01.9000000,0232.0,2023-02-15T11:40:18.312000,480488.43,4202789.35
023.7795528,37.9751263,01.9000000,0232.0,2023-02-15T11:40:19.315000,480489.12,4202790.23
023.7795588,37.9751313,01.9800000,0232.0,2023-02-15T11:40:20.316000,480489.65,4202790.78
023.7795652,37.9751343,01.8800000,0232.0,2023-02-15T11:40:21.320000,480490.21,4202791.11
023.7795736,37.9751342,02.2160000,0231.0,2023-02-15T11:40:22.313000,480490.95,4202791.10
023.7795842,37.9751334,01.8160000,0232.0,2023-02-15T11:40:23.311000,480491.88,4202791.01
023.7795945,37.9751314,01.8160000,0231.0,2023-02-15T11:40:24.313000,480492.79,4202790.79
023.7796060,37.9751288,01.8160000,0231.0,2023-02-15T11:40:25.315000,480493.79,4202790.50
023.7796176,37.9751258,01.8160000,0231.0,2023-02-15T11:40:26.318000,480494.81,4202790.16
023.7796292,37.9751212,01.9800000,0231.0,2023-02-15T11:40:27.320000,480495.83,4202789.65
023.7796421,37.9751175,01.9800000,0231.0,2023-02-15T11:40:28.319000,480496.96,4202789.23
023.7796543,37.9751162,01.9800000,0231.0,2023-02-15T11:40:29.316000,480498.03,4202789.09
023.7796665,37.9751168,01.9800000,0232.0,2023-02-15T11:40:30.317000,480499.11,4202789.15
023.7796793,37.9751150,01.9000000,0232.0,2023-02-15T11:40:31.315000,480500.23,4202788.95
023.7796909,37.9751118,02.3000000,0232.0,2023-02-15T11:40:32.314000,480501.25,4202788.59
023.7797037,37.9751090,01.8800000,0232.0,2023-02-15T11:40:33.321000,480502.37,4202788.28
023.7797151,37.9751061,01.8800000,0232.0,2023-02-15T11:40:34.319000,480503.37,4202787.95
023.7797257,37.9751023,01.8800000,0232.0,2023-02-15T11:40:35.322000,480504.30,4202787.53
023.7797375,37.9750987,01.7800000,0232.0,2023-02-15T11:40:36.318000,480505.34,4202787.13
023.7797505,37.9750964,01.7800000,0232.0,2023-02-15T11:40:37.322000,480506.48,4202786.87
023.7797640,37.9750934,01.6500000,0233.0,2023-02-15T11:40:38.318000,480507.66,4202786.54
023.7797778,37.9750862,01.6800000,0233.0,2023-02-15T11:40:39.321000,480508.87,4202785.73
023.7797893,37.9750790,01.5660000,0233.0,2023-02-15T11:40:40.321000,480509.88,4202784.93
023.7797997,37.9750737,01.4830000,0233.0,2023-02-15T11:40:41.315000,480510.79,4202784.34
023.7798102,37.9750684,01.9660000,0233.0,2023-02-15T11:40:42.316000,480511.71,4202783.75
023.7798133,37.9750635,01.4830000,0233.0,2023-02-15T11:40:43.318000,480511.98,4202783.21
023.7798109,37.9750580,01.4830000,0232.0,2023-02-15T11:40:44.317000,480511.77,4202782.60
023.7798022,37.9750510,01.4830000,0232.0,2023-02-15T11:40:45.318000,480511.01,4202781.82
023.7797894,37.9750439,01.5800000,0231.0,2023-02-15T11:40:46.322000,480509.88,4202781.04
023.7797783,37.9750354,01.4830000,0231.0,2023-02-15T11:40:47.317000,480508.90,4202780.10
023.7797683,37.9750256,01.0000000,0231.0,2023-02-15T11:40:48.321000,480508.02,4202779.01
023.7797620,37.9750149,01.0000000,0232.0,2023-02-15T11:40:49.317000,480507.47,4202777.83
023.7797593,37.9750033,01.0000000,0232.0,2023-02-15T11:40:50.319000,480507.23,4202776.54
023.7797591,37.9749935,01.0000000,0232.0,2023-02-15T11:40:51.313000,480507.21,4202775.45
023.7797602,37.9749834,01.0000000,0232.0,2023-02-15T11:40:52.315000,480507.30,4202774.33
023.7797613,37.9749723,01.0000000,0232.0,2023-02-15T11:40:53.316000,480507.39,4202773.10
023.7797618,37.9749628,01.0000000,0232.0,2023-02-15T11:40:54.317000,480507.43,4202772.05
023.7797617,37.9749529,01.0000000,0232.0,2023-02-15T11:40:55.322000,480507.42,4202770.95
023.7797614,37.9749434,01.0000000,0233.0,2023-02-15T11:40:56.319000,480507.39,4202769.89
023.7797618,37.9749325,01.5800000,0233.0,2023-02-15T11:40:57.321000,480507.43,4202768.68
023.7797609,37.9749238,01.5800000,0233.0,2023-02-15T11:40:58.315000,480507.35,4202767.72
023.7797607,37.9749153,01.5800000,0233.0,2023-02-15T11:40:59.324000,480507.33,4202766.78
023.7797598,37.9749060,01.4830000,0233.0,2023-02-15T11:41:00.319000,480507.24,4202765.74
023.7797588,37.9748963,01.5660000,0233.0,2023-02-15T11:41:01.316000,480507.15,4202764.67
023.7797574,37.9748873,02.0500000,0233.0,2023-02-15T11:41:02.318000,480507.03,4202763.67
023.7797576,37.9748774,01.7800000,0232.0,2023-02-15T11:41:03.318000,480507.04,4202762.57
023.7797603,37.9748685,01.6500000,0232.0,2023-02-15T11:41:04.317000,480507.28,4202761.58
023.7797691,37.9748608,01.7800000,0232.0,2023-02-15T11:41:05.319000,480508.05,4202760.73
023.7797812,37.9748573,01.6500000,0233.0,2023-02-15T11:41:06.314000,480509.11,4202760.34
023.7797933,37.9748540,01.6800000,0232.0,2023-02-15T11:41:07.319000,480510.17,4202759.97
023.7798053,37.9748497,01.6500000,0232.0,2023-02-15T11:41:08.317000,480511.23,4202759.49
023.7798168,37.9748457,01.7800000,0232.0,2023-02-15T11:41:09.316000,480512.23,4202759.04
023.7798285,37.9748405,01.7330000,0232.0,2023-02-15T11:41:10.317000,480513.26,4202758.46
023.7798396,37.9748363,01.8160000,0233.0,2023-02-15T11:41:11.313000,480514.23,4202757.99
023.7798487,37.9748330,02.3000000,0233.0,2023-02-15T11:41:12.318000,480515.03,4202757.63
023.7798586,37.9748293,01.9800000,0233.0,2023-02-15T11:41:13.320000,480515.90,4202757.21
023.7798712,37.9748235,01.9000000,0233.0,2023-02-15T11:41:14.316000,480517.01,4202756.57
023.7798833,37.9748194,01.9800000,0233.0,2023-02-15T11:41:15.320000,480518.07,4202756.11
023.7798946,37.9748149,01.9800000,0233.0,2023-02-15T11:41:16.314000,480519.06,4202755.61
023.7799044,37.9748118,02.3000000,0233.0,2023-02-15T11:41:17.318000,480519.92,4202755.26
023.7799138,37.9748083,01.9000000,0233.0,2023-02-15T11:41:18.319000,480520.74,4202754.87
023.7799235,37.9748033,01.9800000,0233.0,2023-02-15T11:41:19.317000,480521.59,4202754.31
023.7799320,37.9747980,01.9000000,0233.0,2023-02-15T11:41:20.317000,480522.34,4202753.73
023.7799414,37.9747926,01.9000000,0233.0,2023-02-15T11:41:21.312000,480523.16,4202753.12
023.7799519,37.9747870,02.3000000,0233.0,2023-02-15T11:41:22.312000,480524.08,4202752.50
023.7799626,37.9747828,01.9000000,0233.0,2023-02-15T11:41:23.313000,480525.02,4202752.03
023.7799732,37.9747782,01.9000000,0233.0,2023-02-15T11:41:24.310000,480525.95,4202751.52
023.7799848,37.9747737,01.9000000,0233.0,2023-02-15T11:41:25.315000,480526.97,4202751.02
023.7799957,37.9747688,01.9800000,0233.0,2023-02-15T11:41:26.317000,480527.93,4202750.47
023.7800066,37.9747658,01.9800000,0233.0,2023-02-15T11:41:27.313000,480528.88,4202750.14
023.7800178,37.9747625,01.9800000,0233.0,2023-02-15T11:41:28.318000,480529.87,4202749.77
023.7800284,37.9747565,01.9800000,0233.0,2023-02-15T11:41:29.314000,480530.80,4202749.10
023.7800397,37.9747504,01.9800000,0233.0,2023-02-15T11:41:30.317000,480531.79,4202748.42
023.7800507,37.9747455,01.9000000,0233.0,2023-02-15T11:41:31.316000,480532.75,4202747.88
023.7800613,37.9747404,01.9800000,0234.0,2023-02-15T11:41:32.320000,480533.68,4202747.31
023.7800705,37.9747356,01.9000000,0234.0,2023-02-15T11:41:33.318000,480534.49,4202746.77
023.7800794,37.9747315,01.9800000,0234.0,2023-02-15T11:41:34.318000,480535.27,4202746.32
023.7800864,37.9747273,01.9000000,0234.0,2023-02-15T11:41:35.317000,480535.88,4202745.85
023.7800941,37.9747242,02.0800000,0234.0,2023-02-15T11:41:36.316000,480536.56,4202745.50
023.7801014,37.9747219,02.0800000,0234.0,2023-02-15T11:41:37.326000,480537.20,4202745.25
023.7801100,37.9747171,01.9830000,0234.0,2023-02-15T11:41:38.313000,480537.95,4202744.71
023.7801205,37.9747134,01.9830000,0234.0,2023-02-15T11:41:39.317000,480538.87,4202744.30
023.7801313,37.9747097,02.0800000,0234.0,2023-02-15T11:41:40.319000,480539.82,4202743.89
023.7801407,37.9747068,01.9800000,0234.0,2023-02-15T11:41:41.321000,480540.65,4202743.56
023.7801504,37.9747045,02.3000000,0234.0,2023-02-15T11:41:42.317000,480541.50,4202743.31
023.7801608,37.9747005,01.9800000,0234.0,2023-02-15T11:41:43.320000,480542.41,4202742.86
023.7801733,37.9746967,01.9800000,0234.0,2023-02-15T11:41:44.318000,480543.51,4202742.44
023.7801869,37.9746931,01.9000000,0235.0,2023-02-15T11:41:45.316000,480544.70,4202742.03
023.7801999,37.9746906,01.9000000,0235.0,2023-02-15T11:41:46.319000,480545.84,4202741.75
023.7802125,37.9746868,01.9800000,0235.0,2023-02-15T11:41:47.321000,480546.95,4202741.33
023.7802211,37.9746846,01.9800000,0235.0,2023-02-15T11:41:48.320000,480547.70,4202741.08
023.7802292,37.9746823,01.9800000,0235.0,2023-02-15T11:41:49.321000,480548.41,4202740.83
023.7802400,37.9746785,01.8800000,0235.0,2023-02-15T11:41:50.319000,480549.36,4202740.40
023.7802538,37.9746745,01.8160000,0234.0,2023-02-15T11:41:51.319000,480550.57,4202739.96
023.7802673,37.9746700,01.8160000,0234.0,2023-02-15T11:41:52.318000,480551.76,4202739.45
023.7802788,37.9746652,01.4000000,0234.0,2023-02-15T11:41:53.322000,480552.76,4202738.92
023.7802893,37.9746608,01.4160000,0234.0,2023-02-15T11:41:54.315000,480553.69,4202738.43
023.7802990,37.9746575,01.5000000,0234.0,2023-02-15T11:41:55.323000,480554.54,4202738.06
023.7803106,37.9746546,01.5000000,0234.0,2023-02-15T11:41:56.319000,480555.55,4202737.74
023.7803214,37.9746503,01.9000000,0234.0,2023-02-15T11:41:57.314000,480556.50,4202737.26
023.7803313,37.9746456,01.9000000,0234.0,2023-02-15T11:41:58.320000,480557.37,4202736.73
023.7803424,37.9746420,01.8800000,0234.0,2023-02-15T11:41:59.315000,480558.34,4202736.33
023.7803548,37.9746385,01.8160000,0234.0,2023-02-15T11:42:00.316000,480559.43,4202735.94
023.7803678,37.9746358,01.8160000,0234.0,2023-02-15T11:42:01.316000,480560.57,4202735.64
023.7803806,37.9746318,01.8800000,0234.0,2023-02-15T11:42:02.317000,480561.70,4202735.19
023.7803929,37.9746283,01.8160000,0234.0,2023-02-15T11:42:03.316000,480562.78,4202734.80
023.7804054,37.9746243,01.9800000,0234.0,2023-02-15T11:42:04.317000,480563.87,4202734.35
023.7804183,37.9746226,01.9800000,0234.0,2023-02-15T11:42:05.322000,480565.00,4202734.16
023.7804314,37.9746221,01.9800000,0234.0,2023-02-15T11:42:06.317000,480566.16,4202734.11
023.7804448,37.9746209,01.5000000,0234.0,2023-02-15T11:42:07.319000,480567.33,4202733.97
023.7804576,37.9746181,01.5000000,0234.0,2023-02-15T11:42:08.317000,480568.46,4202733.66
023.7804692,37.9746153,01.5000000,0234.0,2023-02-15T11:42:09.320000,480569.47,4202733.34
023.7804814,37.9746126,01.4000000,0234.0,2023-02-15T11:42:10.323000,480570.54,4202733.04
023.7804951,37.9746107,01.4000000,0235.0,2023-02-15T11:42:11.321000,480571.75,4202732.83
023.7805094,37.9746087,01.8160000,0234.0,2023-02-15T11:42:12.318000,480573.00,4202732.60
023.7805217,37.9746052,01.8800000,0234.0,2023-02-15T11:42:13.321000,480574.08,4202732.21
023.7805337,37.9746029,01.7330000,0234.0,2023-02-15T11:42:14.317000,480575.14,4202731.95
023.7805459,37.9746004,01.7330000,0234.0,2023-02-15T11:42:15.321000,480576.21,4202731.67
023.7805579,37.9745994,01.8160000,0234.0,2023-02-15T11:42:16.313000,480577.26,4202731.56
023.7805669,37.9746016,01.8800000,0235.0,2023-02-15T11:42:17.325000,480578.05,4202731.80
023.7805735,37.9746127,01.8160000,0235.0,2023-02-15T11:42:18.319000,480578.63,4202733.03
023.7805755,37.9746244,01.9800000,0234.0,2023-02-15T11:42:19.319000,480578.81,4202734.33
023.7805795,37.9746312,01.9000000,0234.0,2023-02-15T11:42:20.319000,480579.16,4202735.08
023.7805876,37.9746357,01.9800000,0233.0,2023-02-15T11:42:21.316000,480579.88,4202735.58
023.7805950,37.9746375,02.3000000,0233.0,2023-02-15T11:42:22.313000,480580.53,4202735.78
023.7806048,37.9746389,01.9000000,0233.0,2023-02-15T11:42:23.317000,480581.39,4202735.93
023.7806156,37.9746446,01.9830000,0234.0,2023-02-15T11:42:24.318000,480582.34,4202736.56
023.7806234,37.9746522,01.9830000,0234.0,2023-02-15T11:42:25.318000,480583.03,4202737.41
023.7806320,37.9746583,02.0800000,0233.0,2023-02-15T11:42:26.318000,480583.78,4202738.08
023.7806427,37.9746633,02.0800000,0233.0,2023-02-15T11:42:27.316000,480584.72,4202738.63
023.7806515,37.9746698,01.9830000,0233.0,2023-02-15T11:42:28.316000,480585.50,4202739.35
023.7806533,37.9746838,01.9830000,0233.0,2023-02-15T11:42:29.316000,480585.66,4202740.90
023.7806559,37.9746954,01.8160000,0233.0,2023-02-15T11:42:30.313000,480585.89,4202742.19
023.7806592,37.9747068,01.7800000,0232.0,2023-02-15T11:42:31.321000,480586.18,4202743.46
023.7806635,37.9747175,01.7800000,0232.0,2023-02-15T11:42:32.317000,480586.57,4202744.64
023.7806688,37.9747284,01.6500000,0232.0,2023-02-15T11:42:33.316000,480587.03,4202745.85
023.7806761,37.9747379,01.5660000,0232.0,2023-02-15T11:42:34.315000,480587.68,4202746.90
023.7806826,37.9747475,01.5800000,0232.0,2023-02-15T11:42:35.317000,480588.25,4202747.97
023.7806866,37.9747575,01.4830000,0232.0,2023-02-15T11:42:36.318000,480588.60,4202749.08
023.7806905,37.9747653,01.9660000,0232.0,2023-02-15T11:42:37.311000,480588.95,4202749.94
023.7807011,37.9747683,01.5660000,0232.0,2023-02-15T11:42:38.314000,480589.88,4202750.27
023.7807157,37.9747684,01.7800000,0232.0,2023-02-15T11:42:39.316000,480591.16,4202750.28
023.7807303,37.9747637,01.8800000,0232.0,2023-02-15T11:42:40.321000,480592.44,4202749.75
023.7807432,37.9747625,01.8160000,0232.0,2023-02-15T11:42:41.313000,480593.58,4202749.62
023.7807520,37.9747674,01.9800000,0232.0,2023-02-15T11:42:42.315000,480594.35,4202750.16
023.7807556,37.9747791,01.9000000,0232.0,2023-02-15T11:42:43.311000,480594.67,4202751.46
023.7807566,37.9747915,01.8800000,0232.0,2023-02-15T11:42:44.319000,480594.76,4202752.83
023.7807601,37.9748044,01.7330000,0232.0,2023-02-15T11:42:45.316000,480595.07,4202754.26
023.7807659,37.9748167,01.6500000,0232.0,2023-02-15T11:42:46.313000,480595.58,4202755.63
023.7807711,37.9748268,01.6800000,0232.0,2023-02-15T11:42:47.319000,480596.04,4202756.75
023.7807721,37.9748363,01.5800000,0232.0,2023-02-15T11:42:48.316000,480596.13,4202757.80
023.7807738,37.9748458,01.4830000,0232.0,2023-02-15T11:42:49.316000,480596.29,4202758.85
023.7807763,37.9748570,01.5800000,0232.0,2023-02-15T11:42:50.317000,480596.51,4202760.10
023.7807784,37.9748677,01.5800000,0231.0,2023-02-15T11:42:51.319000,480596.70,4202761.28
023.7807824,37.9748782,01.5800000,0231.0,2023-02-15T11:42:52.322000,480597.05,4202762.45
023.7807868,37.9748883,01.5800000,0231.0,2023-02-15T11:42:53.318000,480597.44,4202763.57
023.7807926,37.9748973,01.5800000,0231.0,2023-02-15T11:42:54.318000,480597.95,4202764.56
023.7807981,37.9749085,01.4830000,0231.0,2023-02-15T11:42:55.312000,480598.44,4202765.81
023.7808014,37.9749192,01.4830000,0231.0,2023-02-15T11:42:56.310000,480598.73,4202766.99
023.7808040,37.9749311,01.9660000,0232.0,2023-02-15T11:42:57.318000,480598.96,4202768.31
023.7808069,37.9749431,01.5660000,0232.0,2023-02-15T11:42:58.315000,480599.22,4202769.64
023.7808076,37.9749545,01.5660000,0232.0,2023-02-15T11:42:59.316000,480599.28,4202770.91
023.7808076,37.9749647,01.5660000,0231.0,2023-02-15T11:43:00.310000,480599.29,4202772.04
023.7808058,37.9749726,01.6800000,0232.0,2023-02-15T11:43:01.317000,480599.13,4202772.92
023.7808016,37.9749802,02.0500000,0232.0,2023-02-15T11:43:02.310000,480598.76,4202773.76
023.7807985,37.9749874,01.6800000,0232.0,2023-02-15T11:43:03.315000,480598.49,4202774.56
023.7807957,37.9749937,01.7800000,0232.0,2023-02-15T11:43:04.318000,480598.25,4202775.26
023.7807938,37.9750009,01.8800000,0232.0,2023-02-15T11:43:05.314000,480598.08,4202776.06
023.7807919,37.9750086,01.8160000,0233.0,2023-02-15T11:43:06.314000,480597.92,4202776.91
023.7807869,37.9750140,01.9800000,0233.0,2023-02-15T11:43:07.317000,480597.48,4202777.51
023.7807823,37.9750157,01.9000000,0233.0,2023-02-15T11:43:08.310000,480597.08,4202777.70
023.7807809,37.9750157,01.9000000,0233.0,2023-02-15T11:43:09.314000,480596.95,4202777.70
023.7807780,37.9750181,01.9800000,0233.0,2023-02-15T11:43:10.315000,480596.70,4202777.97
023.7807763,37.9750215,01.9800000,0233.0,2023-02-15T11:43:11.316000,480596.55,4202778.35
023.7807755,37.9750233,02.3000000,0233.0,2023-02-15T11:43:12.314000,480596.48,4202778.55
023.7807752,37.9750242,01.9800000,0233.0,2023-02-15T11:43:13.318000,480596.46,4202778.65
023.7807746,37.9750362,01.9800000,0233.0,2023-02-15T11:43:14.315000,480596.41,4202779.98
023.7807758,37.9750475,02.0800000,0233.0,2023-02-15T11:43:15.320000,480596.51,4202781.23
023.7807760,37.9750604,02.0800000,0233.0,2023-02-15T11:43:16.318000,480596.54,4202782.66
023.7807794,37.9750716,02.0800000,0233.0,2023-02-15T11:43:17.318000,480596.84,4202783.91
023.7807835,37.9750809,02.0800000,0233.0,2023-02-15T11:43:18.321000,480597.20,4202784.94
023.7807892,37.9750919,02.0800000,0233.0,2023-02-15T11:43:19.321000,480597.70,4202786.16
023.7807942,37.9751023,01.9800000,0233.0,2023-02-15T11:43:20.323000,480598.14,4202787.31
023.7807986,37.9751116,01.9000000,0233.0,2023-02-15T11:43:21.312000,480598.53,4202788.34
023.7808055,37.9751211,01.9800000,0234.0,2023-02-15T11:43:22.323000,480599.14,4202789.39
023.7808105,37.9751302,01.9000000,0233.0,2023-02-15T11:43:23.318000,480599.58,4202790.40
023.7808150,37.9751410,01.9000000,0233.0,2023-02-15T11:43:24.316000,480599.98,4202791.60
023.7808191,37.9751529,01.9000000,0232.0,2023-02-15T11:43:25.318000,480600.34,4202792.92
023.7808226,37.9751648,01.9800000,0232.0,2023-02-15T11:43:26.314000,480600.66,4202794.24
023.7808254,37.9751755,02.3000000,0232.0,2023-02-15T11:43:27.311000,480600.90,4202795.42
023.7808278,37.9751857,02.0800000,0232.0,2023-02-15T11:43:28.320000,480601.12,4202796.56
023.7808293,37.9751959,01.9830000,0232.0,2023-02-15T11:43:29.309000,480601.25,4202797.69
023.7808304,37.9752072,01.9830000,0231.0,2023-02-15T11:43:30.313000,480601.35,4202798.94
023.7808332,37.9752175,02.0800000,0231.0,2023-02-15T11:43:31.314000,480601.60,4202800.08
023.7808353,37.9752280,02.0800000,0231.0,2023-02-15T11:43:32.317000,480601.79,4202801.25
023.7808364,37.9752408,01.9830000,0231.0,2023-02-15T11:43:33.316000,480601.89,4202802.67
023.7808351,37.9752538,01.9800000,0231.0,2023-02-15T11:43:34.318000,480601.78,4202804.11
023.7808354,37.9752669,01.9800000,0231.0,2023-02-15T11:43:35.318000,480601.81,4202805.56
023.7808332,37.9752787,01.9800000,0231.0,2023-02-15T11:43:36.320000,480601.62,4202806.87
023.7808257,37.9752871,01.9800000,0232.0,2023-02-15T11:43:37.321000,480600.96,4202807.81
023.7808138,37.9752917,01.9800000,0232.0,2023-02-15T11:43:38.318000,480599.92,4202808.32
023.7807993,37.9752940,01.9800000,0232.0,2023-02-15T11:43:39.319000,480598.64,4202808.58
023.7807863,37.9752958,01.9000000,0232.0,2023-02-15T11:43:40.315000,480597.50,4202808.78
023.7807727,37.9752976,01.9000000,0232.0,2023-02-15T11:43:41.315000,480596.31,4202808.98
023.7807600,37.9753004,02.3000000,0231.0,2023-02-15T11:43:42.317000,480595.19,4202809.30
023.7807482,37.9753024,01.9800000,0232.0,2023-02-15T11:43:43.319000,480594.16,4202809.52
023.7807366,37.9753063,01.9000000,0232.0,2023-02-15T11:43:44.317000,480593.14,4202809.96
023.7807252,37.9753101,01.9800000,0232.0,2023-02-15T11:43:45.320000,480592.14,4202810.38
023.7807142,37.9753150,02.0800000,0232.0,2023-02-15T11:43:46.321000,480591.17,4202810.93
023.7807059,37.9753193,02.0800000,0232.0,2023-02-15T11:43:47.321000,480590.45,4202811.40
023.7806969,37.9753232,02.0800000,0232.0,2023-02-15T11:43:48.320000,480589.66,4202811.84
023.7806856,37.9753268,02.0800000,0232.0,2023-02-15T11:43:49.321000,480588.67,4202812.24
023.7806756,37.9753312,02.0800000,0232.0,2023-02-15T11:43:50.321000,480587.79,4202812.73
023.7806645,37.9753366,01.9830000,0232.0,2023-02-15T11:43:51.319000,480586.81,4202813.33
023.7806529,37.9753401,02.3000000,0232.0,2023-02-15T11:43:52.319000,480585.80,4202813.72
023.7806412,37.9753437,01.9000000,0232.0,2023-02-15T11:43:53.317000,480584.77,4202814.12
023.7806320,37.9753473,01.9000000,0232.0,2023-02-15T11:43:54.318000,480583.96,4202814.53
023.7806206,37.9753499,01.9000000,0232.0,2023-02-15T11:43:55.318000,480582.96,4202814.82
023.7806076,37.9753518,01.9000000,0232.0,2023-02-15T11:43:56.319000,480581.82,4202815.03
023.7805952,37.9753539,02.3000000,0232.0,2023-02-15T11:43:57.319000,480580.73,4202815.27
023.7805854,37.9753574,01.9000000,0232.0,2023-02-15T11:43:58.313000,480579.87,4202815.66
023.7805741,37.9753599,01.9800000,0232.0,2023-02-15T11:43:59.320000,480578.88,4202815.94
023.7805632,37.9753625,01.9000000,0232.0,2023-02-15T11:44:00.315000,480577.92,4202816.23
023.7805489,37.9753646,01.9000000,0232.0,2023-02-15T11:44:01.318000,480576.67,4202816.46
023.7805326,37.9753672,02.3000000,0232.0,2023-02-15T11:44:02.316000,480575.24,4202816.75
023.7805177,37.9753695,01.9800000,0232.0,2023-02-15T11:44:03.322000,480573.93,4202817.01
023.7805051,37.9753720,01.9000000,0232.0,2023-02-15T11:44:04.317000,480572.82,4202817.29
023.7804931,37.9753745,01.9800000,0231.0,2023-02-15T11:44:05.319000,480571.77,4202817.57
023.7804817,37.9753777,01.9800000,0232.0,2023-02-15T11:44:06.319000,480570.77,4202817.93
023.7804696,37.9753801,01.9800000,0232.0,2023-02-15T11:44:07.317000,480569.71,4202818.20
023.7804583,37.9753851,01.8160000,0232.0,2023-02-15T11:44:08.318000,480568.72,4202818.76
023.7804468,37.9753882,01.8160000,0233.0,2023-02-15T11:44:09.314000,480567.71,4202819.10
023.7804350,37.9753920,01.8800000,0233.0,2023-02-15T11:44:10.320000,480566.67,4202819.53
023.7804222,37.9753951,01.7800000,0233.0,2023-02-15T11:44:11.321000,480565.55,4202819.87
023.7804090,37.9753973,02.1330000,0232.0,2023-02-15T11:44:12.316000,480564.39,4202820.12
023.7803963,37.9754001,01.8800000,0232.0,2023-02-15T11:44:13.320000,480563.28,4202820.43
023.7803851,37.9754033,01.8160000,0232.0,2023-02-15T11:44:14.313000,480562.29,4202820.79
023.7803727,37.9754069,01.8160000,0232.0,2023-02-15T11:44:15.316000,480561.21,4202821.19
023.7803597,37.9754105,01.8160000,0232.0,2023-02-15T11:44:16.320000,480560.06,4202821.59
023.7803462,37.9754135,01.9800000,0232.0,2023-02-15T11:44:17.323000,480558.88,4202821.93
023.7803344,37.9754173,01.9000000,0232.0,2023-02-15T11:44:18.319000,480557.84,4202822.35
023.7803231,37.9754210,01.9800000,0232.0,2023-02-15T11:44:19.321000,480556.85,4202822.77
023.7803120,37.9754232,01.9800000,0232.0,2023-02-15T11:44:20.324000,480555.88,4202823.01
023.7803003,37.9754259,01.9800000,0232.0,2023-02-15T11:44:21.323000,480554.85,4202823.32
023.7802884,37.9754266,02.3000000,0231.0,2023-02-15T11:44:22.320000,480553.81,4202823.40
023.7802757,37.9754256,01.9800000,0231.0,2023-02-15T11:44:23.318000,480552.69,4202823.29
023.7802620,37.9754266,01.9000000,0230.0,2023-02-15T11:44:24.318000,480551.49,4202823.40
023.7802519,37.9754310,01.9800000,0230.0,2023-02-15T11:44:25.328000,480550.60,4202823.89
023.7802444,37.9754375,01.9000000,0230.0,2023-02-15T11:44:26.321000,480549.94,4202824.61
023.7802332,37.9754440,01.9800000,0231.0,2023-02-15T11:44:27.323000,480548.96,4202825.34
023.7802194,37.9754473,01.9000000,0231.0,2023-02-15T11:44:28.316000,480547.75,4202825.71
023.7802047,37.9754505,01.9800000,0231.0,2023-02-15T11:44:29.319000,480546.46,4202826.07
023.7801901,37.9754539,01.9000000,0232.0,2023-02-15T11:44:30.318000,480545.18,4202826.45
023.7801771,37.9754565,01.9000000,0232.0,2023-02-15T11:44:31.314000,480544.04,4202826.74
023.7801645,37.9754601,01.9000000,0232.0,2023-02-15T11:44:32.317000,480542.93,4202827.14
023.7801535,37.9754636,01.5000000,0231.0,2023-02-15T11:44:33.320000,480541.97,4202827.53
023.7801435,37.9754670,01.5000000,0231.0,2023-02-15T11:44:34.320000,480541.09,4202827.91
023.7801343,37.9754704,01.5000000,0231.0,2023-02-15T11:44:35.321000,480540.28,4202828.29
023.7801253,37.9754731,01.5000000,0231.0,2023-02-15T11:44:36.320000,480539.49,4202828.59
023.7801160,37.9754757,01.9800000,0230.0,2023-02-15T11:44:37.320000,480538.68,4202828.88
023.7801047,37.9754782,01.9800000,0231.0,2023-02-15T11:44:38.326000,480537.69,4202829.16
023.7800916,37.9754801,01.9000000,0231.0,2023-02-15T11:44:39.319000,480536.54,4202829.37
023.7800798,37.9754826,01.9000000,0231.0,2023-02-15T11:44:40.320000,480535.50,4202829.65
023.7800682,37.9754836,01.9800000,0231.0,2023-02-15T11:44:41.328000,480534.48,4202829.77
023.7800570,37.9754834,01.9800000,0231.0,2023-02-15T11:44:42.320000,480533.50,4202829.75
023.7800482,37.9754832,01.9000000,0231.0,2023-02-15T11:44:43.317000,480532.73,4202829.73
023.7800385,37.9754819,01.9800000,0231.0,2023-02-15T11:44:44.320000,480531.87,4202829.58
023.7800267,37.9754794,01.9800000,0230.0,2023-02-15T11:44:45.320000,480530.84,4202829.31
023.7800139,37.9754764,01.9000000,0230.0,2023-02-15T11:44:46.317000,480529.71,4202828.98
023.7800010,37.9754741,02.3000000,0230.0,2023-02-15T11:44:47.320000,480528.58,4202828.73
023.7799913,37.9754725,01.9800000,0230.0,2023-02-15T11:44:48.320000,480527.72,4202828.55
023.7799860,37.9754718,01.9000000,0230.0,2023-02-15T11:44:49.319000,480527.26,4202828.47
023.7799836,37.9754716,01.9800000,0230.0,2023-02-15T11:44:50.322000,480527.05,4202828.45
023.7799832,37.9754719,01.9800000,0230.0,2023-02-15T11:44:51.321000,480527.01,4202828.49
023.7799838,37.9754723,01.9800000,0230.0,2023-02-15T11:44:52.322000,480527.07,4202828.53
023.7799847,37.9754727,01.9000000,0230.0,2023-02-15T11:44:53.320000,480527.15,4202828.57
023.7799855,37.9754730,01.9800000,0230.0,2023-02-15T11:44:54.320000,480527.22,4202828.61
023.7799862,37.9754732,01.9000000,0230.0,2023-02-15T11:44:55.320000,480527.28,4202828.63
023.7799866,37.9754734,01.9000000,0230.0,2023-02-15T11:44:56.319000,480527.31,4202828.65
